match_id,hltv_match_id,date,tournament,winner,season,score_team1,score_team2,winner_map,loser_map,decider_map,winner_head2head_freq,loser_head2head_freq,winner_head2head_percentage,loser_head2head_percentage,winner_past3,loser_past3,winner_mirage,loser_mirage,winner_inferno,loser_inferno,winner_nuke,loser_nuke,winner_dust2,loser_dust2,winner_overpass,loser_overpass,winner_train,loser_train,winner_ancient,loser_ancient,winner_cache,loser_cache,winner_vertigo,loser_vertigo,winner_anubis,loser_anubis,winner_cobblestone,loser_cobblestone,match_type,event_type,scraped_date,hltv_url,match_number,team1_name,team1_avg_DPR,team1_avg_KAST,team1_avg_ADR,team1_avg_KPR,team1_avg_RATING,team1_player_1_name,team1_player_1_DPR,team1_player_1_KAST,team1_player_1_ADR,team1_player_1_KPR,team1_player_1_RATING,team1_player_2_name,team1_player_2_DPR,team1_player_2_KAST,team1_player_2_ADR,team1_player_2_KPR,team1_player_2_RATING,team1_player_3_name,team1_player_3_DPR,team1_player_3_KAST,team1_player_3_ADR,team1_player_3_KPR,team1_player_3_RATING,team1_player_4_name,team1_player_4_DPR,team1_player_4_KAST,team1_player_4_ADR,team1_player_4_KPR,team1_player_4_RATING,team1_player_5_name,team1_player_5_DPR,team1_player_5_KAST,team1_player_5_ADR,team1_player_5_KPR,team1_player_5_RATING,team2_name,team2_avg_DPR,team2_avg_KAST,team2_avg_ADR,team2_avg_KPR,team2_avg_RATING,team2_player_1_name,team2_player_1_DPR,team2_player_1_KAST,team2_player_1_ADR,team2_player_1_KPR,team2_player_1_RATING,team2_player_2_name,team2_player_2_DPR,team2_player_2_KAST,team2_player_2_ADR,team2_player_2_KPR,team2_player_2_RATING,team2_player_3_name,team2_player_3_DPR,team2_player_3_KAST,team2_player_3_ADR,team2_player_3_KPR,team2_player_3_RATING,team2_player_4_name,team2_player_4_DPR,team2_player_4_KAST,team2_player_4_ADR,team2_player_4_KPR,team2_player_4_RATING,team2_player_5_name,team2_player_5_DPR,team2_player_5_KAST,team2_player_5_ADR,team2_player_5_KPR,team2_player_5_RATING
hltv_match_2386834,2386834,2025-10-16T05:40:00Z,CS Asia Championships 2025,team2,1,1,2,Inferno,Overpass,Train,3,3,50.0,50.0,56.67,41.18,62.0,55.4,70.1,54.3,53.0,60.2,60.0,52.6,43.8,55.4,44.0,50.5,42.4,50.0,62.5,52.1,60.7,46.8,60.0,50.0,50.0,57.3,bo3,LAN,2025-10-24T12:19:27.660077Z,https://www.hltv.org/matches/2386834/-,,Virtus.pro,0.63,72.6,75.38,0.7,1.1,fl1t,0.64,72.3,80.2,0.72,1.13,perfecto,0.6,73.6,70.1,0.63,1.04,fame,0.65,71.7,75.2,0.7,1.1,b1st,0.62,72.6,80.4,0.79,1.17,to0ro,0.64,72.8,71.0,0.66,1.07,3DMAX,0.66,70.82,74.0,0.67,1.05,bodyy,0.68,70.1,76.4,0.67,0.98,maka,0.63,71.4,74.4,0.71,1.12,lucky,0.64,72.1,76.5,0.68,1.09,ex3rcice,0.65,70.7,71.1,0.66,1.03,graviti,0.71,69.8,71.6,0.64,1.01
hltv_match_2386842,2386842,2025-10-16T05:45:00Z,CS Asia Championships 2025,team1,1,2,1,Mirage,Ancient,Dust2,1,0,100.0,0.0,60.0,55.56,75.0,59.4,44.4,60.0,50.0,57.6,50.0,54.9,40.0,56.0,50.0,50.9,46.7,62.7,50.0,54.3,50.0,47.4,50.0,53.7,50.0,36.0,bo3,LAN,2025-10-24T12:20:03.272413Z,https://www.hltv.org/matches/2386842/-,,FUT,0.66,72.08,74.36,0.69,1.07,dem0n,0.66,73.0,71.9,0.68,1.06,launx,0.69,70.4,77.7,0.73,1.1,krabeni,0.7,69.8,79.0,0.71,1.08,cmtry,0.62,72.9,69.1,0.66,1.07,dziugss,0.65,74.3,74.1,0.66,1.06,FaZe,0.65,72.1,75.94,0.7,1.07,karrigan,0.69,66.9,67.4,0.61,0.89,frozen,0.63,73.5,82.5,0.75,1.12,twistzz,0.62,74.1,77.1,0.73,1.1,broky,0.61,73.4,73.0,0.71,1.11,jcobbb,0.7,72.6,79.7,0.72,1.12
hltv_match_2386841,2386841,2025-10-16T02:00:00Z,CS Asia Championships 2025,team2,1,1,2,Dust2,Inferno,Mirage,4,2,66.67,33.33,35.0,64.86,58.7,57.8,52.7,63.2,63.6,56.8,48.5,52.1,60.9,55.7,50.5,60.3,53.3,57.2,21.1,63.9,60.0,48.6,52.8,42.4,53.4,65.2,bo3,LAN,2025-10-24T12:20:39.681663Z,https://www.hltv.org/matches/2386841/-,,fnatic,0.64,72.88,76.62,0.7,1.11,krimz,0.63,71.5,74.4,0.68,1.03,blamef,0.61,74.6,85.6,0.77,1.23,fear,0.66,72.4,70.0,0.62,1.02,jambo,0.63,73.6,77.8,0.74,1.18,jackasmo,0.67,72.3,75.3,0.69,1.07,HEROIC,0.66,71.42,73.1,0.68,1.06,xfl0ud,0.66,71.3,75.5,0.67,1.07,lnz,0.66,70.8,68.8,0.62,1.0,nilo,0.66,72.0,79.5,0.74,1.13,yxngstxr,0.69,71.4,70.4,0.66,1.01,alkaren,0.61,71.6,71.3,0.7,1.09
hltv_match_2386833,2386833,2025-10-16T02:30:00Z,CS Asia Championships 2025,team1,1,2,1,Mirage,Dust2,Inferno,0,2,0.0,100.0,50.0,56.0,59.0,63.0,60.2,65.4,47.6,60.7,52.9,61.4,61.1,50.0,54.4,40.0,64.4,61.8,66.7,50.0,57.7,42.9,64.3,52.3,64.0,50.0,bo3,LAN,2025-10-24T12:21:06.103450Z,https://www.hltv.org/matches/2386833/-,,Liquid,0.67,70.98,78.16,0.71,1.07,naf,0.63,73.6,80.4,0.72,1.08,elige,0.68,71.5,83.2,0.75,1.08,nertz,0.68,70.4,81.8,0.74,1.08,siuhy,0.69,68.9,74.3,0.66,1.02,ultimate,0.65,70.5,71.1,0.7,1.08,Legacy,0.63,72.96,76.84,0.7,1.13,dumau,0.64,73.2,80.9,0.73,1.17,latto,0.62,74.2,78.3,0.7,1.14,n1ssim,0.64,71.4,75.2,0.68,1.07,lux,0.66,72.4,78.6,0.7,1.12,saadzin,0.59,73.6,71.2,0.7,1.13
hltv_match_2386840,2386840,2025-10-15T23:00:00Z,CS Asia Championships 2025,team1,1,2,1,Nuke,Inferno,Mirage,,,0.0,0.0,53.85,50.0,59.4,70.7,60.0,59.3,57.6,52.3,54.9,66.9,56.0,60.2,50.9,60.3,62.7,50.6,54.3,73.0,47.4,65.1,53.7,64.3,36.0,73.2,bo3,LAN,2025-10-24T12:21:26.802756Z,https://www.hltv.org/matches/2386840/-,,FaZe,0.65,72.1,75.94,0.7,1.07,karrigan,0.69,66.9,67.4,0.61,0.89,frozen,0.63,73.5,82.5,0.75,1.12,twistzz,0.62,74.1,77.1,0.73,1.1,broky,0.61,73.4,73.0,0.71,1.11,jcobbb,0.7,72.6,79.7,0.72,1.12,TYLOO,0.64,73.74,77.58,0.73,1.13,attacker,0.66,73.1,77.8,0.73,1.06,jamyoung,0.63,74.0,81.3,0.76,1.19,jee,0.59,74.5,70.7,0.7,1.12,mercury,0.67,73.4,79.4,0.72,1.14,moseyuh,0.65,73.7,78.7,0.72,1.14
hltv_match_2386839,2386839,2025-10-15T23:05:00Z,CS Asia Championships 2025,team2,1,0,2,Mirage,Dust2,Overpass,,,0.0,0.0,58.62,42.86,50.0,59.5,50.0,55.7,50.0,71.9,50.0,67.7,50.0,58.2,50.0,41.7,50.0,58.6,50.0,50.0,50.0,64.0,50.0,61.7,50.0,18.2,bo3,LAN,2025-10-24T12:21:57.885389Z,https://www.hltv.org/matches/2386839/-,,paiN,0.63,72.96,76.68,0.71,1.12,dgt,0.61,73.7,78.1,0.74,1.15,biguzera,0.65,72.6,79.2,0.7,1.13,dav1deus,0.68,72.1,82.6,0.74,1.15,nqz,0.57,73.8,71.2,0.7,1.13,snow,0.65,72.6,72.3,0.66,1.06,FUT,0.66,72.08,74.36,0.69,1.07,dem0n,0.66,73.0,71.9,0.68,1.06,launx,0.69,70.4,77.7,0.73,1.1,krabeni,0.7,69.8,79.0,0.71,1.08,cmtry,0.62,72.9,69.1,0.66,1.07,dziugss,0.65,74.3,74.1,0.66,1.06
hltv_match_2386832,2386832,2025-10-15T06:50:00Z,CS Asia Championships 2025,team2,1,0,2,Inferno,Dust2,Train,2,2,50.0,50.0,53.33,62.5,62.0,30.0,70.1,53.0,53.0,47.7,60.0,59.2,43.8,60.9,44.0,59.3,42.4,54.4,62.5,100.0,60.7,51.2,60.0,55.4,50.0,33.3,bo3,LAN,2025-10-24T12:22:26.968064Z,https://www.hltv.org/matches/2386832/-,,Lynn Vision,0.66,72.24,76.12,0.7,1.1,westmelon,0.69,71.5,78.0,0.71,1.1,z4kr,0.64,73.0,77.0,0.74,1.15,starry,0.65,72.5,79.9,0.72,1.14,emiliaqaq,0.67,71.3,70.9,0.65,1.04,c4llm3su3,0.66,72.9,74.8,0.67,1.08,3DMAX,0.66,70.82,74.0,0.67,1.05,bodyy,0.68,70.1,76.4,0.67,0.98,maka,0.63,71.4,74.4,0.71,1.12,lucky,0.64,72.1,76.5,0.68,1.09,ex3rcice,0.65,70.7,71.1,0.66,1.03,graviti,0.71,69.8,71.6,0.64,1.01
hltv_match_2386831,2386831,2025-10-15T05:00:00Z,CS Asia Championships 2025,team1,1,2,0,Train,Ancient,Overpass,3,4,42.86,57.14,35.29,66.67,55.4,52.0,54.3,54.5,60.2,58.9,52.6,58.5,55.4,53.0,50.5,55.0,50.0,61.8,52.1,58.3,46.8,57.1,50.0,61.2,57.3,50.0,bo3,LAN,2025-10-24T12:23:07.627583Z,https://www.hltv.org/matches/2386831/-,,Virtus.pro,0.63,72.6,75.38,0.7,1.1,fl1t,0.64,72.3,80.2,0.72,1.13,perfecto,0.6,73.6,70.1,0.63,1.04,fame,0.65,71.7,75.2,0.7,1.1,b1st,0.62,72.6,80.4,0.79,1.17,to0ro,0.64,72.8,71.0,0.66,1.07,MIBR,0.64,73.48,78.06,0.72,1.15,exit,0.59,74.9,74.6,0.68,1.11,qikert,0.64,72.2,75.0,0.68,1.09,brnz4n,0.66,71.9,74.6,0.68,1.09,insani,0.67,72.7,82.2,0.74,1.17,kl1m,0.62,75.7,83.9,0.84,1.28
hltv_match_2386837,2386837,2025-10-15T03:40:00Z,CS Asia Championships 2025,team1,1,2,0,Train,Inferno,Mirage,,,0.0,0.0,60.53,55.56,57.8,70.7,63.2,59.3,56.8,52.3,52.1,66.9,55.7,60.2,60.3,60.3,57.2,50.6,63.9,73.0,48.6,65.1,42.4,64.3,65.2,73.2,bo3,LAN,2025-10-24T12:23:53.391954Z,https://www.hltv.org/matches/2386837/-,,fnatic,0.64,72.88,76.62,0.7,1.11,krimz,0.63,71.5,74.4,0.68,1.03,blamef,0.61,74.6,85.6,0.77,1.23,fear,0.66,72.4,70.0,0.62,1.02,jambo,0.63,73.6,77.8,0.74,1.18,jackasmo,0.67,72.3,75.3,0.69,1.07,TYLOO,0.64,73.74,77.58,0.73,1.13,attacker,0.66,73.1,77.8,0.73,1.06,jamyoung,0.63,74.0,81.3,0.76,1.19,jee,0.59,74.5,70.7,0.7,1.12,mercury,0.67,73.4,79.4,0.72,1.14,moseyuh,0.65,73.7,78.7,0.72,1.14
hltv_match_2386838,2386838,2025-10-15T02:40:00Z,CS Asia Championships 2025,team2,1,0,2,Overpass,Ancient,Dust2,,,0.0,0.0,30.0,60.71,58.7,75.0,52.7,44.4,63.6,50.0,48.5,50.0,60.9,40.0,50.5,50.0,53.3,46.7,21.1,50.0,60.0,50.0,52.8,50.0,53.4,50.0,bo3,LAN,2025-10-24T12:24:18.436437Z,https://www.hltv.org/matches/2386838/-,,FUT,0.66,72.08,74.36,0.69,1.07,dem0n,0.66,73.0,71.9,0.68,1.06,launx,0.69,70.4,77.7,0.73,1.1,krabeni,0.7,69.8,79.0,0.71,1.08,cmtry,0.62,72.9,69.1,0.66,1.07,dziugss,0.65,74.3,74.1,0.66,1.06,HEROIC,0.66,71.42,73.1,0.68,1.06,xfl0ud,0.66,71.3,75.5,0.67,1.07,lnz,0.66,70.8,68.8,0.62,1.0,nilo,0.66,72.0,79.5,0.74,1.13,yxngstxr,0.69,71.4,70.4,0.66,1.01,alkaren,0.61,71.6,71.3,0.7,1.09
hltv_match_2386836,2386836,2025-10-14T23:30:00Z,CS Asia Championships 2025,team1,1,2,1,Dust2,Mirage,Ancient,,,0.0,0.0,52.0,38.89,59.4,50.0,60.0,50.0,57.6,50.0,54.9,50.0,56.0,50.0,50.9,50.0,62.7,50.0,54.3,50.0,47.4,50.0,53.7,50.0,36.0,50.0,bo3,LAN,2025-10-24T12:24:43.178621Z,https://www.hltv.org/matches/2386836/-,,FaZe,0.65,72.1,75.94,0.7,1.07,karrigan,0.69,66.9,67.4,0.61,0.89,frozen,0.63,73.5,82.5,0.75,1.12,twistzz,0.62,74.1,77.1,0.73,1.1,broky,0.61,73.4,73.0,0.71,1.11,jcobbb,0.7,72.6,79.7,0.72,1.12,B8,0.66,72.84,75.34,0.69,1.09,headtr1ck,0.6,74.5,74.9,0.72,1.15,alex666,0.67,72.4,76.1,0.68,1.08,npl,0.67,73.0,79.3,0.72,1.13,kensizor,0.7,71.9,79.7,0.73,1.13,esenthial,0.66,72.4,66.7,0.62,0.98
hltv_match_2386835,2386835,2025-10-14T23:25:00Z,CS Asia Championships 2025,team1,1,2,1,Nuke,Ancient,Inferno,9,9,50.0,50.0,42.86,57.14,59.5,50.0,55.7,50.0,71.9,50.0,67.7,50.0,58.2,50.0,41.7,50.0,58.6,50.0,50.0,50.0,64.0,50.0,61.7,50.0,18.2,50.0,bo3,LAN,2025-10-24T12:25:20.151552Z,https://www.hltv.org/matches/2386835/-,,paiN,0.63,72.96,76.68,0.71,1.12,dgt,0.61,73.7,78.1,0.74,1.15,biguzera,0.65,72.6,79.2,0.7,1.13,dav1deus,0.68,72.1,82.6,0.74,1.15,nqz,0.57,73.8,71.2,0.7,1.13,snow,0.65,72.6,72.3,0.66,1.06,Fluxo,0.65,71.78,76.84,0.72,1.11,art,0.7,69.2,77.3,0.69,1.08,lucaozy,0.65,72.4,77.8,0.72,1.12,zevy,0.61,72.5,73.8,0.74,1.13,decenty,0.63,73.4,78.7,0.74,1.14,kye,0.65,71.4,76.6,0.7,1.09
hltv_match_2386802,2386802,2025-10-16T11:45:00Z,Thunderpick World Championship 2025,team1,1,2,1,Nuke,Mirage,Dust2,15,5,75.0,25.0,60.87,63.16,63.9,60.8,55.8,54.7,57.4,61.7,60.0,44.2,61.1,54.5,66.1,56.1,62.5,53.1,21.4,50.0,0.0,44.4,59.1,51.9,53.6,50.0,bo3,LAN,2025-10-24T12:25:46.991214Z,https://www.hltv.org/matches/2386802/-,,Natus Vincere,0.65,72.56,77.54,0.71,1.1,aleksib,0.65,71.2,71.4,0.61,0.93,im,0.69,70.4,81.2,0.73,1.12,b1t,0.64,72.7,76.0,0.7,1.12,w0nderful,0.58,74.7,75.6,0.75,1.18,makazze,0.71,73.8,83.5,0.74,1.17,Aurora,0.66,71.32,77.7,0.71,1.07,maj3r,0.66,69.5,70.8,0.62,0.93,xantares,0.67,72.6,88.8,0.8,1.16,woxic,0.61,71.9,75.1,0.73,1.11,wicadia,0.7,70.6,77.5,0.72,1.08,jottaaa,0.68,72.0,76.3,0.7,1.08
hltv_match_2386801,2386801,2025-10-16T07:40:00Z,Thunderpick World Championship 2025,team2,1,1,2,Train,Nuke,Ancient,,,0.0,0.0,56.25,65.85,50.0,52.3,50.0,49.8,50.0,57.9,50.0,53.0,50.0,49.0,50.0,39.6,50.0,60.0,50.0,100.0,50.0,48.7,50.0,45.3,50.0,100.0,bo3,LAN,2025-10-24T12:26:20.830725Z,https://www.hltv.org/matches/2386801/-,,OG,0.67,71.34,75.28,0.69,1.08,nicoodoz,0.63,71.8,74.4,0.73,1.12,spooke,0.69,71.1,80.0,0.72,1.11,arrozdoce,0.66,70.5,72.7,0.66,1.04,adamb,0.67,73.1,75.7,0.68,1.09,chr1zn,0.69,70.2,73.6,0.66,1.04,9z,0.66,72.12,75.96,0.69,1.1,max,0.67,71.2,76.6,0.66,1.07,luken,0.64,73.6,81.5,0.76,1.18,urban0,0.7,72.5,77.6,0.69,1.09,levi,0.65,70.6,70.2,0.68,1.07,huasopeek,0.66,72.7,73.9,0.68,1.08
hltv_match_2386800,2386800,2025-10-16T04:30:00Z,Thunderpick World Championship 2025,team1,1,2,0,Dust2,Mirage,Nuke,6,11,35.29,64.71,68.75,73.91,60.5,58.9,59.3,54.1,57.3,48.3,56.5,60.0,61.3,51.0,64.0,55.3,50.7,69.2,73.2,56.7,61.2,50.0,47.2,52.7,70.6,53.8,bo3,LAN,2025-10-24T12:26:45.695022Z,https://www.hltv.org/matches/2386800/-,,FURIA,0.62,72.58,78.34,0.73,1.14,fallen,0.61,71.5,70.1,0.68,1.05,yuurih,0.63,73.5,82.2,0.73,1.16,yekindar,0.69,69.2,81.2,0.73,1.13,kscerato,0.59,75.2,80.0,0.73,1.19,molodoy,0.59,73.5,78.2,0.78,1.16,The MongolZ,0.66,71.05,74.6,0.69,1.07,blitz,0.67,71.3,81.3,0.72,1.12,techno,0.68,70.2,72.5,0.66,1.03,mzinho,0.67,71.2,72.6,0.65,1.04,910,0.62,71.5,72.0,0.71,1.1,Player_5,,,,,
hltv_match_2386799,2386799,2025-10-15T14:10:00Z,Thunderpick World Championship 2025,team1,1,2,0,Overpass,Nuke,Mirage,,,0.0,0.0,61.11,40.0,60.8,50.0,54.7,50.0,61.7,50.0,44.2,50.0,54.5,50.0,56.1,50.0,53.1,50.0,50.0,50.0,44.4,50.0,51.9,50.0,50.0,50.0,bo3,LAN,2025-10-24T12:27:25.064740Z,https://www.hltv.org/matches/2386799/-,,Aurora,0.66,71.32,77.7,0.71,1.07,maj3r,0.66,69.5,70.8,0.62,0.93,xantares,0.67,72.6,88.8,0.8,1.16,woxic,0.61,71.9,75.1,0.73,1.11,wicadia,0.7,70.6,77.5,0.72,1.08,jottaaa,0.68,72.0,76.3,0.7,1.08,Venom,0.67,70.6,74.34,0.69,1.04,innocent,0.68,69.6,75.8,0.68,0.98,sobol,0.66,71.2,77.3,0.7,1.08,flayy,0.63,71.5,71.6,0.72,1.09,qlocuu,0.7,70.9,74.4,0.68,1.05,hfah,0.7,69.8,72.6,0.65,0.98
hltv_match_2386798,2386798,2025-10-15T10:30:00Z,Thunderpick World Championship 2025,team1,1,2,1,Nuke,Mirage,Dust2,1,0,100.0,0.0,59.09,74.07,63.9,63.7,55.8,60.6,57.4,59.2,60.0,62.2,61.1,58.9,66.1,56.2,62.5,37.0,21.4,57.1,0.0,45.3,59.1,62.5,53.6,50.0,bo3,LAN,2025-10-24T12:28:00.509619Z,https://www.hltv.org/matches/2386798/-,,Natus Vincere,0.65,72.56,77.54,0.71,1.1,aleksib,0.65,71.2,71.4,0.61,0.93,im,0.69,70.4,81.2,0.73,1.12,b1t,0.64,72.7,76.0,0.7,1.12,w0nderful,0.58,74.7,75.6,0.75,1.18,makazze,0.71,73.8,83.5,0.74,1.17,Imperial,0.64,72.82,75.0,0.69,1.09,chelo,0.66,71.6,75.6,0.69,1.03,vini,0.66,71.3,72.8,0.65,1.04,skullz,0.63,73.2,74.0,0.68,1.09,try,0.59,74.0,77.5,0.76,1.21,noway,0.65,74.0,75.1,0.69,1.1
hltv_match_2386797,2386797,2025-10-15T07:30:00Z,Thunderpick World Championship 2025,team1,1,2,0,Ancient,Dust2,Inferno,,,0.0,0.0,72.73,58.06,58.9,57.1,54.1,55.3,48.3,67.8,60.0,65.9,51.0,51.6,55.3,68.8,69.2,61.5,56.7,50.0,50.0,66.7,52.7,42.2,53.8,50.0,bo3,LAN,2025-10-24T12:28:34.646160Z,https://www.hltv.org/matches/2386797/-,,The MongolZ,0.66,71.05,74.6,0.69,1.07,blitz,0.67,71.3,81.3,0.72,1.12,techno,0.68,70.2,72.5,0.66,1.03,mzinho,0.67,71.2,72.6,0.65,1.04,910,0.62,71.5,72.0,0.71,1.1,Player_5,,,,,,9z,0.66,72.12,75.96,0.69,1.1,max,0.67,71.2,76.6,0.66,1.07,luken,0.64,73.6,81.5,0.76,1.18,urban0,0.7,72.5,77.6,0.69,1.09,levi,0.65,70.6,70.2,0.68,1.07,huasopeek,0.66,72.7,73.9,0.68,1.08
hltv_match_2386796,2386796,2025-10-15T04:30:00Z,Thunderpick World Championship 2025,team1,1,2,0,Inferno,Nuke,Overpass,,,0.0,0.0,65.62,64.29,60.5,52.3,59.3,49.8,57.3,57.9,56.5,53.0,61.3,49.0,64.0,39.6,50.7,60.0,73.2,100.0,61.2,48.7,47.2,45.3,70.6,100.0,bo3,LAN,2025-10-24T12:28:49.331585Z,https://www.hltv.org/matches/2386796/-,,FURIA,0.62,72.58,78.34,0.73,1.14,fallen,0.61,71.5,70.1,0.68,1.05,yuurih,0.63,73.5,82.2,0.73,1.16,yekindar,0.69,69.2,81.2,0.73,1.13,kscerato,0.59,75.2,80.0,0.73,1.19,molodoy,0.59,73.5,78.2,0.78,1.16,OG,0.67,71.34,75.28,0.69,1.08,nicoodoz,0.63,71.8,74.4,0.73,1.12,spooke,0.69,71.1,80.0,0.72,1.11,arrozdoce,0.66,70.5,72.7,0.66,1.04,adamb,0.67,73.1,75.7,0.68,1.09,chr1zn,0.69,70.2,73.6,0.66,1.04
hltv_match_2386572,2386572,2025-10-16T13:00:00Z,ESL Challenger League Season 50 Europe Cup 3,team1,1,2,0,Inferno,Dust2,Train,4,5,44.44,55.56,59.57,60.0,45.8,44.3,62.4,47.8,48.2,57.6,43.9,53.3,48.6,44.3,58.3,53.1,51.4,0.0,50.0,50.0,36.8,41.1,50.0,62.2,50.0,50.0,bo3,Online,2025-10-24T12:29:25.209691Z,https://www.hltv.org/matches/2386572/-,,Alliance,0.67,71.42,74.08,0.68,1.05,twist,0.67,70.7,76.6,0.69,1.02,eraa,0.65,70.8,74.0,0.73,1.1,upe,0.67,70.2,68.0,0.59,0.96,avid,0.66,73.4,75.4,0.69,1.09,poiii,0.7,72.0,76.4,0.69,1.08,Zero Tenacity,0.67,69.96,74.26,0.67,1.02,avn,0.67,69.9,67.4,0.62,0.91,nemanha,0.71,69.4,83.5,0.7,1.0,maden,0.7,68.8,78.3,0.71,1.07,cjoffo,0.64,71.3,70.1,0.65,1.03,brutmonster,0.64,70.4,72.0,0.69,1.09
hltv_match_2386881,2386881,2025-10-16T13:00:00Z,CCT Season 3 Europe Series 9 Closed Qualifier,team1,1,2,0,Ancient,Dust2,Train,1,4,20.0,80.0,46.15,52.24,45.5,56.8,54.5,0.0,50.0,53.1,50.0,59.3,50.0,45.5,42.9,48.3,38.8,51.7,50.0,50.0,64.3,35.3,52.5,49.1,50.0,50.0,bo3,Online,2025-10-24T12:29:52.710335Z,https://www.hltv.org/matches/2386881/-,,Fire Flux,0.65,71.34,74.02,0.68,1.06,paz,0.65,71.5,74.7,0.7,1.04,shield,0.62,70.7,67.9,0.68,1.06,finigan,0.64,71.5,72.0,0.65,1.04,banjo,0.64,72.6,74.9,0.66,1.06,soulfly,0.71,70.4,80.6,0.72,1.11,RUBY,0.67,71.78,75.2,0.69,1.07,fozil,0.68,70.3,73.6,0.66,1.04,truniq,0.66,73.0,77.6,0.7,1.1,h4san4tor,0.71,71.3,75.8,0.66,1.04,kaide,0.69,72.2,82.6,0.75,1.15,maquein,0.59,72.1,66.4,0.68,1.01
hltv_match_2386802,2386802,2025-10-16T11:45:00Z,Thunderpick World Championship 2025,team1,1,2,1,Nuke,Mirage,Dust2,15,5,75.0,25.0,60.87,63.16,63.9,60.8,55.8,54.7,57.4,61.7,60.0,44.2,61.1,54.5,66.1,56.1,62.5,53.1,21.4,50.0,0.0,44.4,59.1,51.9,53.6,50.0,bo3,LAN,2025-10-24T12:30:18.599669Z,https://www.hltv.org/matches/2386802/-,,Natus Vincere,0.65,72.56,77.54,0.71,1.1,aleksib,0.65,71.2,71.4,0.61,0.93,im,0.69,70.4,81.2,0.73,1.12,b1t,0.64,72.7,76.0,0.7,1.12,w0nderful,0.58,74.7,75.6,0.75,1.18,makazze,0.71,73.8,83.5,0.74,1.17,Aurora,0.66,71.32,77.7,0.71,1.07,maj3r,0.66,69.5,70.8,0.62,0.93,xantares,0.67,72.6,88.8,0.8,1.16,woxic,0.61,71.9,75.1,0.73,1.11,wicadia,0.7,70.6,77.5,0.72,1.08,jottaaa,0.68,72.0,76.3,0.7,1.08
hltv_match_2386706,2386706,2025-10-16T12:00:00Z,CCT Season 3 South America Series 5,team2,1,0,2,Ancient,Dust2,Train,2,3,40.0,60.0,43.75,57.14,35.7,55.6,35.1,62.9,31.8,50.0,36.4,46.3,50.0,54.5,30.8,40.0,43.4,58.9,50.0,50.0,50.0,33.3,35.0,41.7,50.0,50.0,bo3,Online,2025-10-24T12:31:02.054057Z,https://www.hltv.org/matches/2386706/-,,Gaimin Gladiators,0.65,71.56,74.32,0.69,1.07,nekiz,0.69,69.9,73.7,0.66,0.96,shz,0.65,71.6,75.9,0.7,1.08,b4rtin,0.64,73.0,72.2,0.68,1.08,jota,0.63,73.3,80.7,0.71,1.15,bsd,0.64,70.0,69.1,0.68,1.06,Yawara,0.69,69.7,70.84,0.65,1.0,j0w,0.72,68.7,70.7,0.64,0.98,revoltz,0.69,69.7,67.1,0.6,0.96,tele-d,0.72,69.8,77.0,0.68,1.04,nardes,0.63,72.0,77.6,0.75,1.15,lacerda,0.69,68.3,61.8,0.56,0.89
hltv_match_2386947,2386947,2025-10-16T11:30:00Z,Exort Series 17,team1,1,2,0,Nuke,Overpass,Train,,,0.0,0.0,50.0,30.0,66.7,25.0,50.0,25.0,50.0,0.0,66.7,50.0,66.7,60.0,66.7,62.5,40.0,25.0,50.0,50.0,50.0,50.0,50.0,0.0,50.0,50.0,bo3,Online,2025-10-24T12:31:39.845634Z,https://www.hltv.org/matches/2386947/-,,Flame Sharks,0.68,71.52,72.84,0.66,1.02,porya,0.67,71.0,77.3,0.7,1.08,vopsick,0.72,71.2,74.3,0.63,1.03,yakuza,0.74,67.8,69.1,0.65,0.97,7tetsu,0.66,74.5,76.3,0.68,1.06,xm1nd,0.63,73.1,67.2,0.66,0.98,ALGO,0.69,69.56,72.14,0.66,1.02,nukkye,0.64,71.4,78.3,0.72,1.12,scr0b,0.69,68.3,73.5,0.7,1.05,griller,0.66,71.5,70.4,0.65,1.02,dengzoe,0.75,67.3,64.3,0.55,0.86,anber,0.71,69.3,74.2,0.68,1.04
hltv_match_2386870,2386870,2025-10-16T09:40:00Z,United21 League Season 39,team1,1,2,1,Overpass,Ancient,Inferno,0,2,0.0,100.0,59.26,63.16,56.2,53.3,41.9,66.7,44.8,50.0,11.1,56.2,40.0,16.7,47.8,40.0,48.6,46.2,50.0,50.0,57.1,100.0,42.9,81.8,50.0,50.0,bo3,Online,2025-10-24T12:32:10.550407Z,https://www.hltv.org/matches/2386870/-,,WOPA,0.66,71.2,72.03,0.65,1.02,thamlike,0.64,72.8,72.5,0.67,1.05,patti,0.69,70.3,71.3,0.63,1.0,kwezz,0.65,70.0,71.1,0.64,1.01,zanto,0.66,71.7,73.2,0.65,1.04,Player_5,,,,,,G2 Ares,0.67,72.2,73.56,0.67,1.05,fnk,0.71,68.9,76.5,0.65,1.02,tak,0.67,72.6,77.7,0.71,1.11,hitori,0.66,71.7,68.6,0.61,1.0,junyme,0.64,72.4,70.0,0.69,1.01,nidoriaa,0.65,75.4,75.0,0.69,1.09
hltv_match_2386529,2386529,2025-10-16T09:00:00Z,ESL Challenger League Season 50 Asia-Pacific Cup 3,team2,1,1,2,Dust2,Mirage,Inferno,10,1,90.91,9.09,64.0,45.0,61.8,61.9,65.3,33.3,61.3,40.0,53.7,36.8,67.6,50.0,33.3,0.0,59.2,60.0,50.0,50.0,56.2,50.0,55.7,66.7,50.0,50.0,bo3,Online,2025-10-24T12:32:52.704595Z,https://www.hltv.org/matches/2386529/-,,FengDa,0.69,70.96,73.58,0.67,1.02,biuckmt,0.7,69.7,69.5,0.64,0.97,salmon,0.7,69.3,68.2,0.61,0.96,chengking,0.71,73.1,83.9,0.77,1.12,p5p,0.73,72.5,76.5,0.67,1.04,3gl,0.63,70.2,69.8,0.68,1.02,Rare Atom,0.67,72.03,79.5,0.72,1.11,summer,0.65,72.6,78.4,0.71,1.05,childking,0.69,72.1,79.2,0.73,1.12,tiger,0.66,70.7,77.7,0.72,1.13,l1hang,0.69,72.7,82.7,0.72,1.14,Player_5,,,,,
hltv_match_2386705,2386705,2025-10-16T09:00:00Z,CCT Season 3 South America Series 5,team2,1,0,2,Mirage,Nuke,Train,1,4,20.0,80.0,42.86,60.61,56.0,57.8,53.6,61.9,40.0,59.2,50.8,37.9,66.7,51.2,50.0,57.1,50.9,54.6,50.0,0.0,0.0,52.7,40.0,53.8,50.0,33.3,bo3,Online,2025-10-24T12:33:34.335847Z,https://www.hltv.org/matches/2386705/-,,RED Canids,0.65,72.34,73.86,0.69,1.09,drop,0.64,73.1,69.9,0.62,1.04,chayjesus,0.66,72.3,76.0,0.69,1.1,kauez,0.67,71.2,74.9,0.69,1.08,history,0.6,72.4,71.8,0.72,1.12,venomzera,0.66,72.7,76.7,0.71,1.12,Bounty Hunters,0.66,70.74,72.58,0.66,1.04,kaiser,0.62,71.6,72.1,0.67,1.08,piriajr,0.66,71.6,78.9,0.72,1.13,ninjaz,0.69,68.9,68.2,0.59,0.96,zock,0.68,70.8,73.8,0.67,1.05,freq,0.66,70.8,69.9,0.64,1.0
hltv_match_2386946,2386946,2025-10-16T08:30:00Z,Exort Series 17,team2,1,0,2,Inferno,Nuke,Ancient,3,2,60.0,40.0,57.14,62.5,54.6,72.7,55.1,55.6,45.1,55.1,51.6,50.0,47.7,50.0,30.4,77.3,56.4,57.1,25.0,50.0,53.4,50.0,54.6,20.0,50.0,50.0,bo3,Online,2025-10-24T12:34:09.869004Z,https://www.hltv.org/matches/2386946/-,,TPuDCATb TPu,0.67,71.58,73.68,0.67,1.04,kinqie,0.71,69.2,72.3,0.63,0.91,kiro,0.62,72.1,69.3,0.67,1.07,z1nny,0.7,72.5,78.7,0.71,1.11,executor,0.64,73.3,73.1,0.66,1.08,bluewh1te,0.7,70.8,75.0,0.67,1.05,ECLOT,0.66,71.84,75.48,0.69,1.07,kreaz,0.65,71.3,75.2,0.66,0.98,forsyy,0.58,73.8,74.0,0.72,1.15,nbqq,0.68,71.3,75.4,0.69,1.07,dytor,0.68,70.9,77.9,0.7,1.08,spardaus,0.69,71.9,74.9,0.67,1.05
hltv_match_2386801,2386801,2025-10-16T07:40:00Z,Thunderpick World Championship 2025,team2,1,1,2,Train,Nuke,Ancient,,,0.0,0.0,56.25,65.85,57.1,52.3,55.3,49.8,67.8,57.9,65.9,53.0,51.6,49.0,68.8,39.6,61.5,60.0,50.0,100.0,66.7,48.7,42.2,45.3,50.0,100.0,bo3,LAN,2025-10-24T12:34:35.034604Z,https://www.hltv.org/matches/2386801/-,,OG,0.67,71.34,75.28,0.69,1.08,nicoodoz,0.63,71.8,74.4,0.73,1.12,spooke,0.69,71.1,80.0,0.72,1.11,arrozdoce,0.66,70.5,72.7,0.66,1.04,adamb,0.67,73.1,75.7,0.68,1.09,chr1zn,0.69,70.2,73.6,0.66,1.04,9z,0.66,72.12,75.96,0.69,1.1,max,0.67,71.2,76.6,0.66,1.07,luken,0.64,73.6,81.5,0.76,1.18,urban0,0.7,72.5,77.6,0.69,1.09,levi,0.65,70.6,70.2,0.68,1.07,huasopeek,0.66,72.7,73.9,0.68,1.08
hltv_match_2386740,2386740,2025-10-16T07:35:00Z,NODWIN Clutch Series 1,team1,1,2,1,Dust2,Ancient,Train,2,0,100.0,0.0,58.7,41.67,50.0,50.0,50.0,50.0,50.0,50.0,50.0,50.0,50.0,50.0,50.0,50.0,50.0,50.0,50.0,50.0,50.0,50.0,50.0,50.0,50.0,50.0,bo3,Online,2025-10-24T12:35:18.831163Z,https://www.hltv.org/matches/2386740/-,,1win,0.64,72.76,73.14,0.68,1.06,hobbit,0.65,71.8,79.8,0.72,1.05,interz,0.59,73.7,63.5,0.58,1.0,lattykk,0.59,73.0,69.9,0.69,1.11,cronuss,0.71,71.9,77.0,0.7,1.05,oz1k,0.65,73.4,75.5,0.69,1.1,UNiTY,0.68,69.68,74.9,0.67,1.05,k1-fida,0.67,69.7,67.1,0.58,0.95,neofrag,0.68,70.9,83.2,0.73,1.13,moriisko,0.7,69.0,75.0,0.66,1.02,m1key,0.7,70.1,80.9,0.71,1.11,woozzzi,0.67,68.7,68.3,0.68,1.03
hltv_match_2386858,2386858,2025-10-16T07:00:00Z,United21 League Season 39,team2,1,1,2,Train,Mirage,Dust2,,,0.0,0.0,53.85,68.75,50.0,72.7,50.0,76.9,50.0,70.6,50.0,57.9,50.0,35.7,50.0,60.0,50.0,63.6,50.0,80.0,50.0,50.0,50.0,80.0,50.0,33.3,bo3,Online,2025-10-24T12:35:35.391633Z,https://www.hltv.org/matches/2386858/-,,fish123,0.66,70.9,74.27,0.69,1.07,smooya,0.62,72.5,79.4,0.79,1.2,dan1,0.68,69.1,69.1,0.63,0.97,7kick,0.68,71.1,74.3,0.66,1.05,Player_4,,,,,,Player_5,,,,,,Wildcard Academy,0.68,71.16,74.12,0.68,1.05,mhl,0.63,71.6,80.3,0.76,1.18,leen,0.69,69.5,70.2,0.64,1.0,amsalem,0.7,73.0,75.6,0.68,1.01,ssen,0.67,71.3,70.6,0.64,1.01,doni,0.69,70.4,73.9,0.68,1.05
hltv_match_2386834,2386834,2025-10-16T05:40:00Z,CS Asia Championships 2025,team2,1,1,2,Inferno,Overpass,Train,3,3,50.0,50.0,56.67,41.18,62.0,55.4,70.1,54.3,53.0,60.2,60.0,52.6,43.8,55.4,44.0,50.5,42.4,50.0,62.5,52.1,60.7,46.8,60.0,50.0,50.0,57.3,bo3,LAN,2025-10-24T12:36:17.250436Z,https://www.hltv.org/matches/2386834/-,,Virtus.pro,0.63,72.6,75.38,0.7,1.1,fl1t,0.64,72.3,80.2,0.72,1.13,perfecto,0.6,73.6,70.1,0.63,1.04,fame,0.65,71.7,75.2,0.7,1.1,b1st,0.62,72.6,80.4,0.79,1.17,to0ro,0.64,72.8,71.0,0.66,1.07,3DMAX,0.66,70.82,74.0,0.67,1.05,bodyy,0.68,70.1,76.4,0.67,0.98,maka,0.63,71.4,74.4,0.71,1.12,lucky,0.64,72.1,76.5,0.68,1.09,ex3rcice,0.65,70.7,71.1,0.66,1.03,graviti,0.71,69.8,71.6,0.64,1.01
hltv_match_2386842,2386842,2025-10-16T05:45:00Z,CS Asia Championships 2025,team1,1,2,1,Mirage,Ancient,Dust2,1,0,100.0,0.0,60.0,55.56,50.0,50.0,50.0,50.0,50.0,50.0,50.0,50.0,50.0,50.0,50.0,50.0,50.0,50.0,50.0,50.0,50.0,50.0,50.0,50.0,50.0,50.0,bo3,LAN,2025-10-24T12:36:44.410213Z,https://www.hltv.org/matches/2386842/-,,FUT,0.66,72.08,74.36,0.69,1.07,dem0n,0.66,73.0,71.9,0.68,1.06,launx,0.69,70.4,77.7,0.73,1.1,krabeni,0.7,69.8,79.0,0.71,1.08,cmtry,0.62,72.9,69.1,0.66,1.07,dziugss,0.65,74.3,74.1,0.66,1.06,FaZe,0.65,72.1,75.94,0.7,1.07,karrigan,0.69,66.9,67.4,0.61,0.89,frozen,0.63,73.5,82.5,0.75,1.12,twistzz,0.62,74.1,77.1,0.73,1.1,broky,0.61,73.4,73.0,0.71,1.11,jcobbb,0.7,72.6,79.7,0.72,1.12
hltv_match_2386739,2386739,2025-10-16T04:00:00Z,NODWIN Clutch Series 1,team2,1,1,2,Inferno,Train,Dust2,,,0.0,0.0,55.56,41.79,48.1,49.1,64.9,41.3,61.5,47.6,55.2,39.1,33.3,39.4,47.1,54.8,53.8,41.3,50.0,50.0,50.0,50.0,50.0,54.7,50.0,50.0,bo3,Online,2025-10-24T12:37:10.416883Z,https://www.hltv.org/matches/2386739/-,,ARCRED,0.68,70.24,73.42,0.68,1.04,dssj,0.67,70.1,72.6,0.69,1.07,get-jeka,0.67,71.7,70.6,0.65,1.01,ryujin,0.69,72.0,76.3,0.71,1.08,chill,0.71,68.4,72.4,0.65,0.99,raijin,0.67,69.0,75.2,0.68,1.06,kONO,0.68,70.5,73.22,0.66,1.03,b0rup,0.67,70.1,72.4,0.67,1.0,birdfromsky,0.69,70.0,71.5,0.58,0.97,keoz,0.7,68.7,73.3,0.66,1.01,cptkurtka023,0.71,71.2,76.3,0.68,1.07,burmylov,0.63,72.5,72.6,0.71,1.12
hltv_match_2386507,2386507,2025-10-16T05:00:00Z,ESL Challenger League Season 50 Oceania Cup 3,team1,1,2,0,Nuke,Dust2,Inferno,4,1,80.0,20.0,70.83,42.11,56.8,50.0,52.3,50.0,61.8,50.0,51.5,50.0,68.8,50.0,68.4,50.0,33.3,50.0,0.0,50.0,52.3,50.0,54.0,50.0,50.0,50.0,bo3,Online,2025-10-24T12:37:38.017425Z,https://www.hltv.org/matches/2386507/-,,Rooster,0.68,69.75,75.9,0.7,1.07,chelleos,0.66,70.1,79.9,0.74,1.16,ju1ces,0.65,73.6,82.2,0.78,1.18,jhd,0.74,63.6,61.3,0.55,0.83,terryyy,0.67,71.7,80.2,0.73,1.13,Player_5,,,,,,Mindfreak,0.67,71.6,76.9,0.71,1.07,tucks,0.65,71.0,74.7,0.7,1.03,drox,0.7,69.6,77.3,0.72,1.07,dpr,0.63,74.5,72.8,0.7,1.11,swerzien,0.7,71.6,85.4,0.77,1.11,zune,0.67,71.3,74.3,0.67,1.05
hltv_match_2386795,2386795,2025-10-16T04:00:00Z,European Pro League Cup 1,team2,1,1,2,Ancient,Nuke,Overpass,0,2,0.0,100.0,66.67,66.67,72.7,30.8,76.9,55.6,70.6,51.2,57.9,58.1,35.7,55.0,60.0,40.0,63.6,34.9,80.0,50.0,50.0,28.6,80.0,48.2,33.3,50.0,bo3,Online,2025-10-24T12:38:05.233066Z,https://www.hltv.org/matches/2386795/-,,GenOne,0.67,71.14,74.2,0.68,1.06,nbk,0.68,69.0,76.1,0.68,1.0,misutaaa,0.68,72.1,72.4,0.66,1.05,djoko,0.69,70.1,74.8,0.68,1.05,brooxsy,0.69,70.2,71.4,0.65,1.01,chucky,0.62,74.3,76.3,0.75,1.17,fish123,0.66,70.9,74.27,0.69,1.07,smooya,0.62,72.5,79.4,0.79,1.2,dan1,0.68,69.1,69.1,0.63,0.97,7kick,0.68,71.1,74.3,0.66,1.05,Player_4,,,,,,Player_5,,,,,
hltv_match_2386800,2386800,2025-10-16T04:30:00Z,Thunderpick World Championship 2025,team1,1,2,0,Dust2,Mirage,Nuke,6,11,35.29,64.71,68.75,73.91,50.0,50.0,50.0,50.0,50.0,50.0,50.0,50.0,50.0,50.0,50.0,50.0,50.0,50.0,50.0,50.0,50.0,50.0,50.0,50.0,50.0,50.0,bo3,LAN,2025-10-24T12:38:21.379113Z,https://www.hltv.org/matches/2386800/-,,FURIA,0.62,72.58,78.34,0.73,1.14,fallen,0.61,71.5,70.1,0.68,1.05,yuurih,0.63,73.5,82.2,0.73,1.16,yekindar,0.69,69.2,81.2,0.73,1.13,kscerato,0.59,75.2,80.0,0.73,1.19,molodoy,0.59,73.5,78.2,0.78,1.16,The MongolZ,0.66,71.05,74.6,0.69,1.07,blitz,0.67,71.3,81.3,0.72,1.12,techno,0.68,70.2,72.5,0.66,1.03,mzinho,0.67,71.2,72.6,0.65,1.04,910,0.62,71.5,72.0,0.71,1.1,Player_5,,,,,
hltv_match_2386859,2386859,2025-10-16T04:00:00Z,United21 League Season 39,team2,1,1,2,Nuke,Ancient,Overpass,,,0.0,0.0,29.41,50.0,13.3,60.0,44.7,20.0,50.0,0.0,41.5,80.0,53.8,60.0,40.0,50.0,47.4,66.7,50.0,50.0,58.3,50.0,28.6,50.0,50.0,50.0,bo3,Online,2025-10-24T12:39:01.473500Z,https://www.hltv.org/matches/2386859/-,,AM,0.66,70.72,73.32,0.67,1.04,k1to,0.7,69.1,74.1,0.67,1.03,altekz,0.65,71.5,74.7,0.66,1.06,gxx,0.61,70.2,69.0,0.69,1.06,2high,0.66,72.6,74.4,0.66,1.06,delle,0.7,70.2,74.4,0.67,1.01,MASONIC,0.72,68.24,72.4,0.66,0.99,krallej,0.78,64.7,77.4,0.68,0.98,avou,0.73,63.8,60.0,0.53,0.81,bukhavez,0.73,71.9,74.5,0.66,1.02,noruyp,0.67,68.7,72.0,0.74,1.03,botman,0.69,72.1,78.1,0.7,1.09
hltv_match_2386878,2386878,2025-10-16T04:00:00Z,CCT Season 3 Europe Series 9 Closed Qualifier,team2,1,0,2,Dust2,Train,Ancient,,,0.0,0.0,66.67,19.05,42.3,39.4,42.9,55.3,8.3,22.2,58.1,21.1,50.0,50.0,44.4,36.4,57.1,48.4,50.0,50.0,50.0,50.0,50.0,60.0,50.0,50.0,bo3,Online,2025-10-24T12:39:29.574784Z,https://www.hltv.org/matches/2386878/-,,NIP Impact,0.7,70.16,75.12,0.7,1.04,vilga,0.7,69.9,78.7,0.69,0.99,zana,0.67,71.0,74.0,0.75,1.1,qiyarah,0.71,71.3,76.7,0.71,1.06,nayomy,0.71,72.0,78.6,0.72,1.09,aim,0.72,66.6,67.6,0.61,0.94,NOVAQ,0.66,70.58,71.46,0.66,1.04,nealan,0.7,68.0,73.7,0.65,1.0,def1zer,0.65,70.7,67.2,0.6,0.99,pump,0.67,69.1,68.0,0.64,0.99,tasman,0.67,72.3,77.6,0.72,1.11,modesavage,0.61,72.8,70.8,0.69,1.1
hltv_match_2386841,2386841,2025-10-16T02:00:00Z,CS Asia Championships 2025,team2,1,1,2,Dust2,Inferno,Mirage,4,2,66.67,33.33,35.0,64.86,58.7,57.8,52.7,63.2,63.6,56.8,48.5,52.1,60.9,55.7,50.5,60.3,53.3,57.2,21.1,63.9,60.0,48.6,52.8,42.4,53.4,65.2,bo3,LAN,2025-10-24T12:40:05.718730Z,https://www.hltv.org/matches/2386841/-,,fnatic,0.64,72.88,76.62,0.7,1.11,krimz,0.63,71.5,74.4,0.68,1.03,blamef,0.61,74.6,85.6,0.77,1.23,fear,0.66,72.4,70.0,0.62,1.02,jambo,0.63,73.6,77.8,0.74,1.18,jackasmo,0.67,72.3,75.3,0.69,1.07,HEROIC,0.66,71.42,73.1,0.68,1.06,xfl0ud,0.66,71.3,75.5,0.67,1.07,lnz,0.66,70.8,68.8,0.62,1.0,nilo,0.66,72.0,79.5,0.74,1.13,yxngstxr,0.69,71.4,70.4,0.66,1.01,alkaren,0.61,71.6,71.3,0.7,1.09
hltv_match_2386833,2386833,2025-10-16T02:30:00Z,CS Asia Championships 2025,team1,1,2,1,Mirage,Dust2,Inferno,0,2,0.0,100.0,50.0,56.0,59.0,63.0,60.2,65.4,47.6,60.7,52.9,61.4,61.1,50.0,54.4,40.0,64.4,61.8,66.7,50.0,57.7,42.9,64.3,52.3,64.0,50.0,bo3,LAN,2025-10-24T12:40:30.427355Z,https://www.hltv.org/matches/2386833/-,,Liquid,0.67,70.98,78.16,0.71,1.07,naf,0.63,73.6,80.4,0.72,1.08,elige,0.68,71.5,83.2,0.75,1.08,nertz,0.68,70.4,81.8,0.74,1.08,siuhy,0.69,68.9,74.3,0.66,1.02,ultimate,0.65,70.5,71.1,0.7,1.08,Legacy,0.63,72.96,76.84,0.7,1.13,dumau,0.64,73.2,80.9,0.73,1.17,latto,0.62,74.2,78.3,0.7,1.14,n1ssim,0.64,71.4,75.2,0.68,1.07,lux,0.66,72.4,78.6,0.7,1.12,saadzin,0.59,73.6,71.2,0.7,1.13
hltv_match_2386840,2386840,2025-10-15T23:00:00Z,CS Asia Championships 2025,team1,1,2,1,Nuke,Inferno,Mirage,,,0.0,0.0,53.85,50.0,59.4,70.7,60.0,59.3,57.6,52.3,54.9,66.9,56.0,60.2,50.9,60.3,62.7,50.6,54.3,73.0,47.4,65.1,53.7,64.3,36.0,73.2,bo3,LAN,2025-10-24T12:40:50.428132Z,https://www.hltv.org/matches/2386840/-,,FaZe,0.65,72.1,75.94,0.7,1.07,karrigan,0.69,66.9,67.4,0.61,0.89,frozen,0.63,73.5,82.5,0.75,1.12,twistzz,0.62,74.1,77.1,0.73,1.1,broky,0.61,73.4,73.0,0.71,1.11,jcobbb,0.7,72.6,79.7,0.72,1.12,TYLOO,0.64,73.74,77.58,0.73,1.13,attacker,0.66,73.1,77.8,0.73,1.06,jamyoung,0.63,74.0,81.3,0.76,1.19,jee,0.59,74.5,70.7,0.7,1.12,mercury,0.67,73.4,79.4,0.72,1.14,moseyuh,0.65,73.7,78.7,0.72,1.14
hltv_match_2386839,2386839,2025-10-15T23:05:00Z,CS Asia Championships 2025,team2,1,0,2,Mirage,Dust2,Overpass,,,0.0,0.0,58.62,42.86,50.0,59.5,50.0,55.7,50.0,71.9,50.0,67.7,50.0,58.2,50.0,41.7,50.0,58.6,50.0,50.0,50.0,64.0,50.0,61.7,50.0,18.2,bo3,LAN,2025-10-24T12:41:16.671304Z,https://www.hltv.org/matches/2386839/-,,paiN,0.63,72.96,76.68,0.71,1.12,dgt,0.61,73.7,78.1,0.74,1.15,biguzera,0.65,72.6,79.2,0.7,1.13,dav1deus,0.68,72.1,82.6,0.74,1.15,nqz,0.57,73.8,71.2,0.7,1.13,snow,0.65,72.6,72.3,0.66,1.06,FUT,0.66,72.08,74.36,0.69,1.07,dem0n,0.66,73.0,71.9,0.68,1.06,launx,0.69,70.4,77.7,0.73,1.1,krabeni,0.7,69.8,79.0,0.71,1.08,cmtry,0.62,72.9,69.1,0.66,1.07,dziugss,0.65,74.3,74.1,0.66,1.06
hltv_match_2386815,2386815,2025-10-15T21:55:00Z,Dust2.us Eagle Masters Series 4,team2,1,1,2,Overpass,Nuke,Mirage,2,0,100.0,0.0,41.67,38.89,45.3,26.7,34.0,18.8,54.2,50.0,43.8,30.8,38.1,50.0,0.0,42.9,33.9,25.8,50.0,100.0,43.8,45.5,50.9,22.7,50.0,0.0,bo3,Online,2025-10-24T12:42:02.164510Z,https://www.hltv.org/matches/2386815/-,,InControl,0.74,67.86,73.8,0.66,0.98,calamity,0.75,69.7,78.6,0.66,1.01,jsfeltner,0.76,66.8,74.5,0.64,0.96,tyra,0.77,65.2,75.5,0.66,0.97,beast,0.75,66.9,68.4,0.62,0.89,scorchyy,0.68,70.7,72.0,0.71,1.05,Take Flyte,0.72,70.1,74.78,0.68,1.02,drop,0.73,70.7,76.1,0.67,1.03,panic,0.74,69.1,71.6,0.68,1.0,jared,0.74,70.8,75.3,0.67,1.01,crisp,0.67,71.2,78.3,0.75,1.14,huncho,0.72,68.7,72.6,0.62,0.92
hltv_match_2386818,2386818,2025-10-15T22:55:00Z,Dust2.us Eagle Masters Series 4,team1,1,2,0,Dust2,Ancient,Overpass,4,0,100.0,0.0,40.91,36.36,53.3,42.9,50.0,100.0,61.1,25.0,52.6,40.0,47.6,100.0,50.0,20.0,64.3,16.7,50.0,50.0,50.0,50.0,66.7,50.0,50.0,50.0,bo3,Online,2025-10-24T12:42:25.821624Z,https://www.hltv.org/matches/2386818/-,,Shimmer,0.69,70.82,75.9,0.69,1.07,stx,0.7,70.5,72.4,0.66,1.03,empathy,0.73,71.4,90.1,0.81,1.23,fawx,0.67,72.0,82.8,0.8,1.21,raven,0.69,70.4,69.8,0.62,0.96,serendipity,0.67,69.8,64.4,0.58,0.94,Nocturnal,0.7,69.86,73.48,0.67,1.03,violet,0.69,66.9,70.5,0.69,1.03,tori,0.74,70.3,79.1,0.67,1.05,madss,0.67,72.4,76.3,0.71,1.09,lunari,0.69,69.1,64.6,0.6,0.92,gadfly,0.71,70.6,76.9,0.68,1.05
hltv_match_2386631,2386631,2025-10-15T21:00:00Z,ESL Challenger League Season 50 North America Cup 3,team1,1,2,0,Overpass,Ancient,Inferno,2,0,100.0,0.0,61.11,70.0,44.0,50.0,58.2,50.0,61.6,50.0,53.2,50.0,61.1,50.0,64.7,50.0,53.8,50.0,50.0,50.0,60.5,50.0,64.8,50.0,50.0,50.0,bo3,Online,2025-10-24T12:43:04.106327Z,https://www.hltv.org/matches/2386631/-,,Wildcard,0.66,71.84,74.5,0.69,1.07,stanislaw,0.66,70.5,71.7,0.63,0.95,phzy,0.62,71.7,73.8,0.7,1.11,f1ku,0.67,70.4,75.4,0.68,1.06,jba,0.64,74.7,76.2,0.72,1.13,peeping,0.69,71.9,75.4,0.7,1.08,regain,0.71,71.46,74.22,0.66,1.04,zucar,0.73,72.1,80.4,0.7,1.1,dvrk,0.7,69.6,69.4,0.63,0.99,sasha,0.72,70.5,67.5,0.58,0.93,fuzenko,0.7,72.4,74.2,0.7,1.05,marekiew,0.69,72.7,79.6,0.71,1.11
hltv_match_2386761,2386761,2025-10-15T20:30:00Z,ESL Impact League Season 8 North America,team2,1,0,2,Mirage,Train,Dust2,2,0,100.0,0.0,33.33,40.0,77.8,42.9,40.9,100.0,25.0,25.0,44.4,40.0,57.9,100.0,62.5,20.0,60.0,16.7,50.0,50.0,90.0,50.0,70.6,50.0,50.0,50.0,bo3,Online,2025-10-24T12:43:40.796419Z,https://www.hltv.org/matches/2386761/-,,Nocturnal,0.7,69.86,73.48,0.67,1.03,violet,0.69,66.9,70.5,0.69,1.03,tori,0.74,70.3,79.1,0.67,1.05,madss,0.67,72.4,76.3,0.71,1.09,lunari,0.69,69.1,64.6,0.6,0.92,gadfly,0.71,70.6,76.9,0.68,1.05,FlyQuest RED,0.66,72.96,78.44,0.72,1.11,goosebreeder,0.65,73.9,83.8,0.75,1.1,emy,0.67,73.4,80.4,0.75,1.16,bibiahn,0.66,73.9,83.4,0.77,1.2,vanessa,0.62,74.1,70.8,0.65,1.06,marie,0.71,69.5,73.8,0.66,1.02
hltv_match_2386762,2386762,2025-10-15T19:40:00Z,ESL Impact League Season 8 North America,team1,1,2,1,Ancient,Overpass,Dust2,0,2,0.0,100.0,40.0,33.33,28.6,43.5,50.0,46.0,33.3,38.1,16.7,32.1,0.0,42.5,0.0,50.7,21.4,50.0,50.0,44.0,50.0,50.0,40.0,75.0,50.0,48.6,bo3,Online,2025-10-24T12:44:07.543524Z,https://www.hltv.org/matches/2386762/-,,Lotus fe,0.72,68.06,73.9,0.67,1.01,alicerawr,0.61,74.4,84.2,0.78,1.25,abby,0.7,68.6,71.7,0.68,1.01,tokkis,0.78,66.3,71.9,0.63,0.93,zazu,0.75,68.1,71.6,0.64,0.95,cyclone,0.74,62.9,70.1,0.63,0.91,Ghost,0.68,71.72,74.48,0.68,1.06,emuhleet,0.62,71.8,67.7,0.68,1.03,mira,0.72,71.3,82.8,0.74,1.15,piggykiki,0.68,71.8,71.8,0.66,1.03,7licious,0.65,73.6,77.3,0.7,1.12,ellie,0.72,70.1,72.8,0.64,0.99
hltv_match_2386601,2386601,2025-10-15T17:00:00Z,ESL Challenger League Season 50 South America Cup 3,team2,1,1,2,Dust2,Ancient,Inferno,4,1,80.0,20.0,53.85,44.44,55.6,44.7,62.9,47.0,50.0,45.8,46.3,49.0,54.5,51.1,40.0,34.5,58.9,60.9,50.0,48.1,33.3,64.3,41.7,50.0,50.0,59.1,bo3,Online,2025-10-24T12:44:37.885575Z,https://www.hltv.org/matches/2386601/-,,Keyd Stars,0.67,69.85,75.28,0.69,1.06,danoco,0.71,69.7,76.4,0.67,1.04,vsm,0.66,72.1,81.8,0.75,1.17,desh,0.62,70.4,71.6,0.7,1.09,cutzmeretz,0.7,67.2,71.3,0.62,0.96,Player_5,,,,,,Gaimin Gladiators,0.65,71.56,74.32,0.69,1.07,nekiz,0.69,69.9,73.7,0.66,0.96,shz,0.65,71.6,75.9,0.7,1.08,b4rtin,0.64,73.0,72.2,0.68,1.08,jota,0.63,73.3,80.7,0.71,1.15,bsd,0.64,70.0,69.1,0.68,1.06
hltv_match_2386602,2386602,2025-10-15T17:00:00Z,ESL Challenger League Season 50 South America Cup 3,team1,1,2,1,Overpass,Nuke,Ancient,2,0,100.0,0.0,54.76,57.14,53.8,64.2,40.8,51.7,59.2,50.0,50.0,42.1,51.9,60.0,60.0,50.0,59.4,51.4,50.0,50.0,36.5,50.0,65.5,37.5,50.0,50.0,bo3,Online,2025-10-24T12:45:16.757515Z,https://www.hltv.org/matches/2386602/-,,ODDIK,0.65,71.62,75.47,0.69,1.09,coldzera,0.62,73.1,77.5,0.74,1.12,wood7,0.62,71.1,69.1,0.63,1.03,naitte,0.72,69.8,79.5,0.7,1.09,ksloks,0.65,72.5,75.8,0.71,1.11,Player_5,,,,,,ShindeN,0.68,69.26,72.48,0.66,1.02,bk1,0.7,69.2,72.5,0.64,1.01,nacho,0.68,68.3,74.4,0.68,1.04,abizz,0.69,69.0,73.4,0.66,1.01,ivz,0.66,69.6,70.1,0.69,1.05,naz,0.69,70.2,72.0,0.64,1.01
hltv_match_2386758,2386758,2025-10-15T17:35:00Z,ESL Impact League Season 8 South America,team2,1,0,2,Mirage,Nuke,Ancient,2,0,100.0,0.0,55.56,37.5,41.9,33.3,48.4,33.3,52.6,40.0,63.2,0.0,75.0,50.0,50.0,50.0,59.1,50.0,50.0,50.0,38.5,50.0,50.0,50.0,50.0,50.0,bo3,Online,2025-10-24T12:45:40.941392Z,https://www.hltv.org/matches/2386758/-,,Four Magic,0.68,70.6,73.96,0.68,1.06,annaex,0.68,72.2,78.7,0.69,1.11,cellax,0.7,65.5,65.0,0.65,0.96,josi,0.67,71.0,74.1,0.67,1.06,babs,0.64,73.3,82.1,0.75,1.18,brendinha,0.7,71.0,69.9,0.64,0.99,MIBR fe,0.66,73.18,80.38,0.74,1.16,olga,0.67,73.4,91.3,0.79,1.26,gabi,0.63,73.7,75.7,0.71,1.12,poppins,0.67,72.8,78.2,0.69,1.11,yungher,0.61,72.0,75.2,0.74,1.15,dani,0.7,74.0,81.5,0.76,1.16
hltv_match_2386757,2386757,2025-10-15T17:55:00Z,ESL Impact League Season 8 South America,team1,1,2,0,Nuke,Ancient,Train,,,0.0,0.0,44.44,20.0,81.1,40.0,63.6,0.0,60.6,0.0,72.7,33.3,63.6,50.0,0.0,50.0,73.0,0.0,50.0,50.0,63.2,50.0,76.5,50.0,50.0,50.0,bo3,Online,2025-10-24T12:46:17.666497Z,https://www.hltv.org/matches/2386757/-,,FURIA fe,0.64,73.56,78.08,0.72,1.15,gabs,0.65,71.9,74.8,0.68,1.09,bizinha,0.65,74.7,83.1,0.75,1.19,izaa,0.67,75.5,83.3,0.75,1.2,kaahsensei,0.57,73.3,71.5,0.71,1.15,lulitenz,0.64,72.4,77.7,0.73,1.14,Curralzinho,0.73,67.78,71.7,0.65,0.98,kati,0.74,66.1,70.3,0.63,0.94,cara-de-banana,0.74,61.1,59.7,0.53,0.81,yuu,0.78,64.4,70.2,0.62,0.89,akane,0.71,75.7,84.3,0.78,1.18,pack,0.7,71.6,74.0,0.69,1.06
hltv_match_2386754,2386754,2025-10-15T14:30:00Z,ESL Impact League Season 8 Europe,team2,1,1,2,Mirage,Dust2,Inferno,,,0.0,0.0,15.38,25.0,50.0,20.0,50.0,0.0,50.0,0.0,50.0,100.0,50.0,20.0,50.0,50.0,50.0,100.0,50.0,50.0,50.0,66.7,50.0,50.0,50.0,50.0,bo3,Online,2025-10-24T12:46:56.786574Z,https://www.hltv.org/matches/2386754/-,,shinigami,0.72,69.2,70.3,0.63,0.97,akiyanora,0.71,70.1,69.4,0.63,0.97,metori,0.74,67.6,77.7,0.7,1.06,turboxgirl,0.73,70.4,75.9,0.68,1.03,mb1w,0.72,67.3,60.8,0.55,0.81,icytears,0.72,70.6,67.7,0.61,1.0,Imperial Valkyries,0.66,72.56,76.64,0.71,1.1,ana,0.6,73.7,75.7,0.76,1.18,tory,0.69,71.6,77.9,0.7,1.09,twenty3,0.66,72.1,77.1,0.71,1.1,kat,0.66,72.5,74.1,0.67,1.06,wieenn,0.71,72.9,78.4,0.71,1.09
hltv_match_2386753,2386753,2025-10-15T14:30:00Z,ESL Impact League Season 8 Europe,team2,1,1,2,Ancient,Nuke,Mirage,,,0.0,0.0,33.33,75.0,50.0,33.3,50.0,66.7,50.0,66.7,50.0,50.0,50.0,50.0,50.0,50.0,50.0,66.7,50.0,50.0,50.0,50.0,50.0,50.0,50.0,50.0,bo3,Online,2025-10-24T12:47:31.076205Z,https://www.hltv.org/matches/2386753/-,,hindsight,0.72,68.0,71.14,0.64,0.98,jenkon,0.74,68.4,73.9,0.63,0.98,pullox,0.72,68.1,68.5,0.64,0.95,ann4,0.71,67.1,66.8,0.62,0.94,mikeri,0.75,65.0,67.9,0.6,0.89,madam,0.67,71.4,78.6,0.73,1.16,Let Her Cook,0.74,68.3,71.73,0.65,0.97,spike,0.73,68.5,63.7,0.56,0.88,joanana,0.76,66.0,74.5,0.68,0.99,meli,0.72,70.4,77.0,0.7,1.04,Player_4,,,,,,Player_5,,,,,
hltv_match_2386703,2386703,2025-10-15T15:40:00Z,CCT Season 3 South America Series 5,team1,1,2,0,Dust2,Inferno,Mirage,,,0.0,0.0,0.0,35.71,50.0,66.7,66.7,33.3,42.9,57.1,66.7,25.0,50.0,0.0,0.0,50.0,66.7,50.0,50.0,50.0,50.0,50.0,25.0,50.0,50.0,50.0,bo3,Online,2025-10-24T12:48:10.751218Z,https://www.hltv.org/matches/2386703/-,,Fake do Biru,0.65,71.36,73.36,0.67,1.05,pkl,0.67,70.2,72.8,0.64,0.94,hardzao,0.63,73.0,75.1,0.69,1.1,detr0ittj,0.61,71.6,70.5,0.69,1.09,xureba,0.65,71.4,74.0,0.65,1.05,lukiz,0.68,70.6,74.4,0.66,1.06,UnderDogs,0.72,67.76,69.54,0.62,0.93,thuister,0.77,65.2,75.2,0.65,0.96,alennncar,0.69,66.9,67.8,0.65,0.97,lukita,0.72,66.9,69.1,0.59,0.92,vzn,0.74,65.9,67.0,0.57,0.86,ghost1,0.7,73.9,68.6,0.62,0.96
hltv_match_2386945,2386945,2025-10-15T14:30:00Z,Exort Series 17,team2,1,1,2,Nuke,Mirage,Train,0,2,0.0,100.0,22.22,30.23,25.0,54.8,25.0,45.4,0.0,44.1,50.0,51.5,60.0,32.3,62.5,47.8,25.0,45.3,50.0,63.5,50.0,44.7,0.0,43.4,50.0,56.8,bo3,Online,2025-10-24T12:48:42.184544Z,https://www.hltv.org/matches/2386945/-,,Nexus,0.69,70.24,74.58,0.68,1.03,btn,0.72,67.6,70.1,0.61,0.87,xellow,0.65,70.6,76.6,0.75,1.1,blytz,0.69,71.5,78.4,0.7,1.09,s0und,0.7,70.8,76.3,0.7,1.06,fnl,0.67,70.7,71.5,0.65,1.02,ALGO,0.69,69.56,72.14,0.66,1.02,nukkye,0.64,71.4,78.3,0.72,1.12,scr0b,0.69,68.3,73.5,0.7,1.05,griller,0.66,71.5,70.4,0.65,1.02,dengzoe,0.75,67.3,64.3,0.55,0.86,anber,0.71,69.3,74.2,0.68,1.04
hltv_match_2386799,2386799,2025-10-15T14:10:00Z,Thunderpick World Championship 2025,team1,1,2,0,Overpass,Nuke,Mirage,,,0.0,0.0,61.11,40.0,60.8,50.0,54.7,50.0,61.7,40.0,44.2,27.3,54.5,28.6,56.1,87.5,53.1,44.4,50.0,50.0,44.4,50.0,51.9,50.0,50.0,50.0,bo3,LAN,2025-10-24T12:49:22.075699Z,https://www.hltv.org/matches/2386799/-,,Aurora,0.66,71.32,77.7,0.71,1.07,maj3r,0.66,69.5,70.8,0.62,0.93,xantares,0.67,72.6,88.8,0.8,1.16,woxic,0.61,71.9,75.1,0.73,1.11,wicadia,0.7,70.6,77.5,0.72,1.08,jottaaa,0.68,72.0,76.3,0.7,1.08,Venom,0.67,70.6,74.34,0.69,1.04,innocent,0.68,69.6,75.8,0.68,0.98,sobol,0.66,71.2,77.3,0.7,1.08,flayy,0.63,71.5,71.6,0.72,1.09,qlocuu,0.7,70.9,74.4,0.68,1.05,hfah,0.7,69.8,72.6,0.65,0.98
hltv_match_2386570,2386570,2025-10-15T13:00:00Z,ESL Challenger League Season 50 Europe Cup 3,team1,1,2,1,Overpass,Inferno,Train,3,2,60.0,40.0,50.0,42.11,53.7,67.5,52.4,52.8,47.9,50.0,52.4,56.5,59.2,57.1,42.3,43.8,48.7,61.8,50.0,50.0,50.4,50.0,53.5,56.3,50.0,50.0,bo3,Online,2025-10-24T12:49:46.237393Z,https://www.hltv.org/matches/2386570/-,,Sangal,0.67,71.88,76.22,0.7,1.09,clax,0.64,71.8,73.7,0.68,1.06,patsi,0.71,70.7,79.4,0.71,1.09,norwi,0.66,72.2,73.1,0.67,1.06,r3salt,0.68,71.7,79.5,0.72,1.12,danistzz,0.65,73.0,75.4,0.73,1.13,Johnny Speeds,0.67,70.35,75.05,0.69,1.05,draken,0.62,71.2,74.9,0.72,1.09,lekr0,0.66,71.0,76.1,0.68,1.01,sapec,0.7,69.3,75.0,0.67,1.04,heap,0.68,69.9,74.2,0.68,1.05,Player_5,,,,,
hltv_match_2386863,2386863,2025-10-15T13:15:00Z,CCT Season 3 Europe Series 9 Closed Qualifier,team1,1,2,1,Nuke,Ancient,Mirage,,,0.0,0.0,51.52,40.0,56.8,41.7,0.0,33.3,53.1,75.0,59.3,64.3,45.5,0.0,48.3,100.0,51.7,54.5,50.0,50.0,35.3,0.0,49.1,0.0,50.0,50.0,bo3,Online,2025-10-24T12:50:31.254351Z,https://www.hltv.org/matches/2386863/-,,RUBY,0.67,71.78,75.2,0.69,1.07,fozil,0.68,70.3,73.6,0.66,1.04,truniq,0.66,73.0,77.6,0.7,1.1,h4san4tor,0.71,71.3,75.8,0.66,1.04,kaide,0.69,72.2,82.6,0.75,1.15,maquein,0.59,72.1,66.4,0.68,1.01,ALLINNERS,0.65,71.48,72.62,0.67,1.06,buster,0.62,71.8,72.4,0.67,1.07,kumao,0.69,70.2,73.1,0.64,1.03,weaver,0.64,71.8,67.4,0.61,1.01,demente,0.65,74.7,80.4,0.74,1.16,noni,0.66,68.9,69.8,0.67,1.02
hltv_match_2386569,2386569,2025-10-15T13:00:00Z,ESL Challenger League Season 50 Europe Cup 3,team1,1,2,1,Nuke,Dust2,Inferno,,,0.0,0.0,78.26,61.54,53.2,50.0,50.8,50.0,72.1,50.0,53.8,50.0,36.4,50.0,61.5,50.0,70.5,50.0,55.3,50.0,0.0,50.0,60.7,50.0,31.2,50.0,bo3,Online,2025-10-24T12:50:55.467711Z,https://www.hltv.org/matches/2386569/-,,ESC,0.67,71.5,75.66,0.69,1.08,reiko,0.71,71.5,84.1,0.76,1.14,samey,0.62,72.3,69.8,0.7,1.09,bajmi,0.66,72.5,73.9,0.66,1.05,olimp,0.69,69.8,77.2,0.68,1.06,moonwalk,0.69,71.4,73.3,0.66,1.04,Zero Tenacity,0.67,69.96,74.26,0.67,1.02,avn,0.67,69.9,67.4,0.62,0.91,nemanha,0.71,69.4,83.5,0.7,1.0,maden,0.7,68.8,78.3,0.71,1.07,cjoffo,0.64,71.3,70.1,0.65,1.03,brutmonster,0.64,70.4,72.0,0.69,1.09
hltv_match_2386702,2386702,2025-10-15T12:00:00Z,CCT Season 3 South America Series 5,team1,1,2,1,Nuke,Inferno,Mirage,3,2,60.0,40.0,57.14,62.5,42.9,50.0,41.0,50.0,43.8,50.0,45.2,50.0,100.0,50.0,60.0,50.0,38.9,50.0,50.0,50.0,0.0,50.0,37.5,50.0,50.0,50.0,bo3,Online,2025-10-24T12:51:30.084524Z,https://www.hltv.org/matches/2386702/-,,Dusty Roots,0.69,69.54,71.14,0.64,1.02,meyern,0.66,71.8,75.0,0.7,1.09,tom1jed,0.73,67.3,75.2,0.68,1.03,rzk,0.71,69.4,72.2,0.65,1.0,fraguty,0.7,70.2,72.8,0.64,1.03,next,0.65,69.0,60.5,0.55,0.94,LP,0.67,70.08,71.6,0.65,1.03,zmb,0.68,69.6,72.1,0.63,1.01,leomonster,0.72,68.2,75.1,0.66,1.03,alisson,0.67,70.7,70.8,0.64,1.01,happ,0.66,71.3,72.5,0.66,1.04,divine,0.61,70.6,67.5,0.65,1.04
hltv_match_2386568,2386568,2025-10-15T13:00:00Z,ESL Challenger League Season 50 Europe Cup 3,team1,1,2,0,Inferno,Dust2,Ancient,2,2,50.0,50.0,59.57,48.94,45.8,54.0,62.4,56.7,48.2,48.8,43.9,58.3,48.6,20.0,58.3,37.5,51.4,55.2,50.0,50.0,36.8,50.0,50.0,49.2,50.0,50.0,bo3,Online,2025-10-24T12:51:54.437991Z,https://www.hltv.org/matches/2386568/-,,Alliance,0.67,71.42,74.08,0.68,1.05,twist,0.67,70.7,76.6,0.69,1.02,eraa,0.65,70.8,74.0,0.73,1.1,upe,0.67,70.2,68.0,0.59,0.96,avid,0.66,73.4,75.4,0.69,1.09,poiii,0.7,72.0,76.4,0.69,1.08,GUN5,0.67,71.4,74.94,0.69,1.07,sellter,0.67,70.6,70.2,0.63,1.0,mag1k3y,0.63,71.1,73.0,0.73,1.12,tex1y,0.65,73.2,76.6,0.69,1.11,sdaim,0.68,71.3,75.3,0.67,1.06,yiksrezo,0.72,70.8,79.6,0.73,1.08
hltv_match_2386567,2386567,2025-10-15T13:00:00Z,ESL Challenger League Season 50 Europe Cup 3,team2,1,0,2,Dust2,Nuke,Ancient,4,5,44.44,55.56,55.93,61.36,42.7,58.8,62.5,80.0,43.8,58.8,52.8,51.6,40.0,50.0,0.0,54.5,52.0,54.7,50.0,50.0,53.8,58.1,53.2,64.4,50.0,50.0,bo3,Online,2025-10-24T12:52:29.271931Z,https://www.hltv.org/matches/2386567/-,,Monte,0.66,71.88,74.14,0.68,1.08,bymas,0.63,73.0,71.5,0.65,1.05,afro,0.63,70.5,73.1,0.71,1.11,ryu,0.66,73.6,77.2,0.72,1.12,gizmy,0.7,70.5,72.5,0.64,1.02,azuwu,0.69,71.8,76.4,0.7,1.08,Partizan,0.65,70.88,72.66,0.67,1.05,aidkit,0.64,69.6,70.6,0.68,1.06,kind0,0.66,71.1,72.5,0.66,1.05,dragon,0.68,71.6,79.8,0.72,1.12,vldn,0.63,72.8,75.3,0.68,1.09,nopzy,0.65,69.3,65.1,0.59,0.93
hltv_match_2386798,2386798,2025-10-15T10:30:00Z,Thunderpick World Championship 2025,team1,1,2,1,Nuke,Mirage,Dust2,1,0,100.0,0.0,59.09,74.07,63.9,63.7,55.8,60.6,57.4,59.2,60.0,62.2,61.1,58.9,66.1,56.2,62.5,37.0,21.4,57.1,0.0,45.3,59.1,62.5,53.6,50.0,bo3,LAN,2025-10-24T12:53:07.421138Z,https://www.hltv.org/matches/2386798/-,,Natus Vincere,0.65,72.56,77.54,0.71,1.1,aleksib,0.65,71.2,71.4,0.61,0.93,im,0.69,70.4,81.2,0.73,1.12,b1t,0.64,72.7,76.0,0.7,1.12,w0nderful,0.58,74.7,75.6,0.75,1.18,makazze,0.71,73.8,83.5,0.74,1.17,Imperial,0.64,72.82,75.0,0.69,1.09,chelo,0.66,71.6,75.6,0.69,1.03,vini,0.66,71.3,72.8,0.65,1.04,skullz,0.63,73.2,74.0,0.68,1.09,try,0.59,74.0,77.5,0.76,1.21,noway,0.65,74.0,75.1,0.69,1.1
hltv_match_2386944,2386944,2025-10-15T11:30:00Z,Exort Series 17,team2,1,0,2,Nuke,Ancient,Dust2,,,0.0,0.0,42.86,70.0,50.0,80.0,50.0,63.6,50.0,44.4,50.0,35.0,50.0,50.0,50.0,66.7,50.0,66.7,50.0,50.0,50.0,0.0,50.0,44.4,50.0,50.0,bo3,Online,2025-10-24T12:53:24.308036Z,https://www.hltv.org/matches/2386944/-,,Nuclear TigeRES,0.68,71.5,74.58,0.67,1.05,re1gn,0.68,72.3,76.3,0.71,1.08,senka,0.72,68.7,74.8,0.61,0.99,m1quse,0.68,71.9,72.4,0.64,1.01,z1k4,0.64,72.2,72.0,0.72,1.07,flouzer,0.68,72.4,77.4,0.69,1.09,Flame Sharks,0.68,71.52,72.84,0.66,1.02,porya,0.67,71.0,77.3,0.7,1.08,vopsick,0.72,71.2,74.3,0.63,1.03,yakuza,0.74,67.8,69.1,0.65,0.97,7tetsu,0.66,74.5,76.3,0.68,1.06,xm1nd,0.63,73.1,67.2,0.66,0.98
hltv_match_2386738,2386738,2025-10-15T10:00:00Z,NODWIN Clutch Series 1,team2,1,1,2,Train,Ancient,Nuke,5,6,45.45,54.55,37.25,54.69,46.2,46.5,0.0,37.5,43.6,47.3,50.0,62.1,30.8,47.4,52.6,55.6,31.2,55.6,50.0,50.0,50.0,28.6,50.0,50.0,50.0,50.0,bo3,Online,2025-10-24T12:53:56.389862Z,https://www.hltv.org/matches/2386738/-,,Betera,0.66,71.88,73.52,0.67,1.06,vert,0.67,71.4,66.4,0.58,0.96,h1te,0.61,71.9,70.8,0.69,1.11,masval,0.66,72.6,77.1,0.69,1.1,synyx,0.67,71.3,73.0,0.67,1.04,tenzy,0.71,72.2,80.3,0.73,1.1,SPARTA,0.69,70.06,72.62,0.67,1.01,solb,0.71,68.4,69.1,0.62,0.94,1nvisiblee,0.76,68.2,77.0,0.68,1.02,djon8,0.71,70.5,79.6,0.72,1.06,yuramyata,0.61,71.5,71.7,0.71,1.05,k4nfuz,0.67,71.7,65.7,0.61,0.99
hltv_match_2386701,2386701,2025-10-15T09:00:00Z,CCT Season 3 South America Series 5,team1,1,2,0,Mirage,Dust2,Inferno,,,0.0,0.0,42.31,26.67,44.7,33.3,47.0,42.9,45.8,23.5,49.0,30.0,51.1,50.0,34.5,0.0,60.9,22.2,48.1,50.0,64.3,50.0,50.0,0.0,59.1,0.0,bo3,Online,2025-10-24T12:54:47.829400Z,https://www.hltv.org/matches/2386701/-,,Keyd Stars,0.67,69.85,75.28,0.69,1.06,danoco,0.71,69.7,76.4,0.67,1.04,vsm,0.66,72.1,81.8,0.75,1.17,desh,0.62,70.4,71.6,0.7,1.09,cutzmeretz,0.7,67.2,71.3,0.62,0.96,Player_5,,,,,,Crashers,0.69,68.1,67.38,0.61,0.94,reix,0.69,69.8,66.6,0.58,0.93,antonini,0.73,66.1,69.9,0.63,0.94,machado,0.63,69.1,72.6,0.72,1.04,straafer,0.72,64.8,58.8,0.5,0.79,nikz,0.68,70.7,69.0,0.63,1.02
hltv_match_2386528,2386528,2025-10-15T09:00:00Z,ESL Challenger League Season 50 Asia-Pacific Cup 3,team1,1,2,0,Ancient,Mirage,Dust2,3,5,37.5,62.5,78.12,61.54,51.5,61.8,54.1,65.3,61.5,61.3,64.3,53.7,62.5,67.6,50.0,33.3,42.3,59.2,50.0,50.0,50.0,56.2,71.4,55.7,50.0,50.0,bo3,Online,2025-10-24T12:55:27.588026Z,https://www.hltv.org/matches/2386528/-,,The Huns,0.67,70.76,76.46,0.7,1.09,nin9,0.63,70.5,76.3,0.71,1.12,sk0r,0.68,71.5,83.6,0.78,1.17,bart4k,0.67,69.7,66.8,0.61,0.96,xerolte,0.69,69.2,76.1,0.69,1.06,cobrazera,0.68,72.9,79.5,0.73,1.13,Rare Atom,0.67,72.03,79.5,0.72,1.11,summer,0.65,72.6,78.4,0.71,1.05,childking,0.69,72.1,79.2,0.73,1.12,tiger,0.66,70.7,77.7,0.72,1.13,l1hang,0.69,72.7,82.7,0.72,1.14,Player_5,,,,,
hltv_match_2386943,2386943,2025-10-15T08:30:00Z,Exort Series 17,team1,1,2,0,Inferno,Dust2,Overpass,,,0.0,0.0,55.56,57.14,54.6,60.0,55.1,20.0,45.1,0.0,51.6,80.0,47.7,60.0,30.4,50.0,56.4,66.7,25.0,50.0,53.4,50.0,54.6,50.0,50.0,50.0,bo3,Online,2025-10-24T12:56:03.612776Z,https://www.hltv.org/matches/2386943/-,,ECLOT,0.66,71.84,75.48,0.69,1.07,kreaz,0.65,71.3,75.2,0.66,0.98,forsyy,0.58,73.8,74.0,0.72,1.15,nbqq,0.68,71.3,75.4,0.69,1.07,dytor,0.68,70.9,77.9,0.7,1.08,spardaus,0.69,71.9,74.9,0.67,1.05,AM,0.66,70.72,73.32,0.67,1.04,k1to,0.7,69.1,74.1,0.67,1.03,altekz,0.65,71.5,74.7,0.66,1.06,gxx,0.61,70.2,69.0,0.69,1.06,2high,0.66,72.6,74.4,0.66,1.06,delle,0.7,70.2,74.4,0.67,1.01
hltv_match_2386737,2386737,2025-10-15T07:00:00Z,NODWIN Clutch Series 1,team2,1,1,2,Inferno,Mirage,Ancient,4,2,66.67,33.33,54.76,42.42,53.8,49.1,60.4,41.3,37.4,47.6,45.7,39.1,57.0,39.4,0.0,54.8,55.6,41.3,50.0,50.0,33.3,50.0,45.3,54.7,50.0,50.0,bo3,Online,2025-10-24T12:56:49.863018Z,https://www.hltv.org/matches/2386737/-,,ARCRED,0.68,70.24,73.42,0.68,1.04,dssj,0.67,70.1,72.6,0.69,1.07,get-jeka,0.67,71.7,70.6,0.65,1.01,ryujin,0.69,72.0,76.3,0.71,1.08,chill,0.71,68.4,72.4,0.65,0.99,raijin,0.67,69.0,75.2,0.68,1.06,500,0.64,71.7,75.68,0.69,1.08,hampus,0.69,68.6,79.1,0.69,1.0,cerq,0.61,72.5,72.3,0.71,1.12,redstar,0.63,72.7,75.7,0.71,1.12,rainwaker,0.63,72.8,78.0,0.7,1.12,volt,0.66,71.9,73.3,0.66,1.05
hltv_match_2386861,2386861,2025-10-15T07:00:00Z,CCT Season 3 Europe Series 9 Closed Qualifier,team2,1,0,2,Ancient,Inferno,Mirage,,,0.0,0.0,52.0,75.0,59.6,50.0,59.6,50.0,53.1,50.0,52.6,50.0,60.0,50.0,57.1,50.0,48.1,50.0,50.0,50.0,61.5,50.0,37.5,50.0,50.0,50.0,bo3,Online,2025-10-24T12:57:29.698655Z,https://www.hltv.org/matches/2386861/-,,NOVAQ,0.66,70.58,71.46,0.66,1.04,nealan,0.7,68.0,73.7,0.65,1.0,def1zer,0.65,70.7,67.2,0.6,0.99,pump,0.67,69.1,68.0,0.64,0.99,tasman,0.67,72.3,77.6,0.72,1.11,modesavage,0.61,72.8,70.8,0.69,1.1,AMKAL,0.67,71.2,76.06,0.69,1.07,nafany,0.7,69.0,72.9,0.65,1.01,travis,0.65,72.0,76.3,0.68,1.09,kensi,0.65,71.7,76.7,0.69,1.09,kair0n,0.71,71.1,78.9,0.73,1.1,mo0n,0.64,72.2,75.5,0.72,1.04
hltv_match_2386857,2386857,2025-10-15T06:30:00Z,United21 League Season 39,team1,1,2,1,Ancient,Dust2,Inferno,2,0,100.0,0.0,61.11,35.29,53.3,50.0,66.7,50.0,50.0,50.0,56.2,50.0,16.7,50.0,40.0,50.0,46.2,50.0,50.0,50.0,100.0,50.0,81.8,50.0,50.0,50.0,bo3,Online,2025-10-24T12:57:45.655202Z,https://www.hltv.org/matches/2386857/-,,G2 Ares,0.67,72.2,73.56,0.67,1.05,fnk,0.71,68.9,76.5,0.65,1.02,tak,0.67,72.6,77.7,0.71,1.11,hitori,0.66,71.7,68.6,0.61,1.0,junyme,0.64,72.4,70.0,0.69,1.01,nidoriaa,0.65,75.4,75.0,0.69,1.09,MANA,0.71,68.82,73.68,0.68,1.02,gejmzilla,0.73,66.2,67.9,0.59,0.9,cerber,0.73,69.0,78.8,0.7,1.05,bledard,0.66,69.6,71.3,0.7,1.06,caleyy,0.74,69.0,77.7,0.72,1.06,ammar,0.69,70.3,72.7,0.68,1.03
hltv_match_2386797,2386797,2025-10-15T07:30:00Z,Thunderpick World Championship 2025,team1,1,2,0,Ancient,Dust2,Inferno,,,0.0,0.0,72.73,58.06,58.9,57.1,54.1,55.3,48.3,67.8,60.0,65.9,51.0,51.6,55.3,68.8,69.2,61.5,56.7,50.0,50.0,66.7,52.7,42.2,53.8,50.0,bo3,LAN,2025-10-24T12:58:05.812137Z,https://www.hltv.org/matches/2386797/-,,The MongolZ,0.66,71.05,74.6,0.69,1.07,blitz,0.67,71.3,81.3,0.72,1.12,techno,0.68,70.2,72.5,0.66,1.03,mzinho,0.67,71.2,72.6,0.65,1.04,910,0.62,71.5,72.0,0.71,1.1,Player_5,,,,,,9z,0.66,72.12,75.96,0.69,1.1,max,0.67,71.2,76.6,0.66,1.07,luken,0.64,73.6,81.5,0.76,1.18,urban0,0.7,72.5,77.6,0.69,1.09,levi,0.65,70.6,70.2,0.68,1.07,huasopeek,0.66,72.7,73.9,0.68,1.08
hltv_match_2386832,2386832,2025-10-15T06:50:00Z,CS Asia Championships 2025,team2,1,0,2,Inferno,Dust2,Train,2,2,50.0,50.0,53.33,62.5,62.0,30.0,70.1,53.0,53.0,47.7,60.0,59.2,43.8,60.9,44.0,59.3,42.4,54.4,62.5,100.0,60.7,51.2,60.0,55.4,50.0,33.3,bo3,LAN,2025-10-24T12:58:31.873188Z,https://www.hltv.org/matches/2386832/-,,Lynn Vision,0.66,72.24,76.12,0.7,1.1,westmelon,0.69,71.5,78.0,0.71,1.1,z4kr,0.64,73.0,77.0,0.74,1.15,starry,0.65,72.5,79.9,0.72,1.14,emiliaqaq,0.67,71.3,70.9,0.65,1.04,c4llm3su3,0.66,72.9,74.8,0.67,1.08,3DMAX,0.66,70.82,74.0,0.67,1.05,bodyy,0.68,70.1,76.4,0.67,0.98,maka,0.63,71.4,74.4,0.71,1.12,lucky,0.64,72.1,76.5,0.68,1.09,ex3rcice,0.65,70.7,71.1,0.66,1.03,graviti,0.71,69.8,71.6,0.64,1.01
hltv_match_2386942,2386942,2025-10-15T05:40:00Z,Exort Series 17,team1,1,2,0,Nuke,Ancient,Inferno,,,0.0,0.0,62.5,50.0,72.7,50.0,55.6,50.0,55.1,0.0,50.0,50.0,50.0,50.0,78.3,50.0,57.1,0.0,50.0,50.0,50.0,50.0,20.0,50.0,50.0,50.0,bo3,Online,2025-10-24T12:59:21.287165Z,https://www.hltv.org/matches/2386942/-,,TPuDCATb TPu,0.67,71.6,73.7,0.67,1.04,kinqie,0.71,69.2,72.3,0.63,0.91,kiro,0.62,72.1,69.3,0.67,1.07,z1nny,0.7,72.6,78.8,0.71,1.11,executor,0.64,73.3,73.1,0.66,1.08,bluewh1te,0.7,70.8,75.0,0.67,1.05,Preasy Mix,0.69,67.47,71.17,0.63,0.96,gnffe,0.7,69.6,67.3,0.59,0.94,nellozz,0.69,64.8,76.8,0.63,0.99,bekker,0.69,68.0,69.4,0.66,0.95,Player_4,,,,,,Player_5,,,,,
hltv_match_2386831,2386831,2025-10-15T05:00:00Z,CS Asia Championships 2025,team1,1,2,0,Train,Ancient,Overpass,3,4,42.86,57.14,35.29,66.67,55.4,52.0,54.3,54.5,60.2,58.9,52.6,58.5,55.4,53.0,50.5,55.0,50.0,61.8,52.1,58.3,46.8,57.1,50.0,61.2,57.3,50.0,bo3,LAN,2025-10-24T12:59:47.727237Z,https://www.hltv.org/matches/2386831/-,,Virtus.pro,0.63,72.6,75.38,0.7,1.1,fl1t,0.64,72.3,80.2,0.72,1.13,perfecto,0.6,73.6,70.1,0.63,1.04,fame,0.65,71.7,75.2,0.7,1.1,b1st,0.62,72.6,80.4,0.79,1.17,to0ro,0.64,72.8,71.0,0.66,1.07,MIBR,0.64,73.48,78.06,0.72,1.15,exit,0.59,74.9,74.6,0.68,1.11,qikert,0.64,72.2,75.0,0.68,1.09,brnz4n,0.66,71.9,74.6,0.68,1.09,insani,0.67,72.7,82.2,0.74,1.17,kl1m,0.62,75.7,83.9,0.84,1.28
hltv_match_2386796,2386796,2025-10-15T04:30:00Z,Thunderpick World Championship 2025,team1,1,2,0,Inferno,Nuke,Overpass,,,0.0,0.0,65.62,64.29,50.0,50.0,50.0,50.0,50.0,50.0,50.0,50.0,50.0,50.0,50.0,50.0,50.0,50.0,50.0,50.0,50.0,50.0,50.0,50.0,50.0,50.0,bo3,LAN,2025-10-24T13:00:12.681939Z,https://www.hltv.org/matches/2386796/-,,FURIA,0.62,72.58,78.34,0.73,1.14,fallen,0.61,71.5,70.1,0.68,1.05,yuurih,0.63,73.5,82.2,0.73,1.16,yekindar,0.69,69.2,81.2,0.73,1.13,kscerato,0.59,75.2,80.0,0.73,1.19,molodoy,0.59,73.5,78.2,0.78,1.16,OG,0.67,71.34,75.28,0.69,1.08,nicoodoz,0.63,71.8,74.4,0.73,1.12,spooke,0.69,71.1,80.0,0.72,1.11,arrozdoce,0.66,70.5,72.7,0.66,1.04,adamb,0.67,73.1,75.7,0.68,1.09,chr1zn,0.69,70.2,73.6,0.66,1.04
hltv_match_2386736,2386736,2025-10-15T04:00:00Z,NODWIN Clutch Series 1,team2,1,1,2,Ancient,Dust2,Mirage,,,0.0,0.0,39.13,30.95,44.3,54.8,39.1,45.4,30.6,44.1,21.4,51.5,52.9,32.3,42.1,47.8,49.5,45.3,50.0,63.5,25.0,44.7,50.8,43.4,50.0,56.8,bo3,Online,2025-10-24T13:00:47.072308Z,https://www.hltv.org/matches/2386736/-,,Nexus,0.69,70.24,74.58,0.68,1.03,btn,0.72,67.6,70.1,0.61,0.87,xellow,0.65,70.6,76.6,0.75,1.1,blytz,0.69,71.5,78.4,0.7,1.09,s0und,0.7,70.8,76.3,0.7,1.06,fnl,0.67,70.7,71.5,0.65,1.02,UNiTY,0.68,69.68,74.9,0.67,1.05,k1-fida,0.67,69.7,67.1,0.58,0.95,neofrag,0.68,70.9,83.2,0.73,1.13,moriisko,0.7,69.0,75.0,0.66,1.02,m1key,0.7,70.1,80.9,0.71,1.11,woozzzi,0.67,68.7,68.3,0.68,1.03
hltv_match_2386506,2386506,2025-10-15T05:00:00Z,ESL Challenger League Season 50 Oceania Cup 3,team1,1,2,0,Overpass,Dust2,Nuke,4,0,100.0,0.0,81.48,44.44,75.7,50.0,66.7,50.0,67.6,50.0,81.0,50.0,66.7,50.0,50.0,50.0,66.7,50.0,50.0,50.0,50.0,50.0,66.7,50.0,50.0,50.0,bo3,Online,2025-10-24T13:01:28.179901Z,https://www.hltv.org/matches/2386506/-,,SemperFi,0.65,72.7,77.62,0.72,1.13,hazr,0.68,72.2,80.4,0.74,1.14,keen,0.7,69.1,76.8,0.71,1.08,shadiy,0.65,74.6,82.1,0.76,1.2,addict,0.63,74.0,76.4,0.72,1.13,savage,0.61,73.6,72.4,0.67,1.09,Mindfreak,0.67,71.6,76.9,0.71,1.07,tucks,0.65,71.0,74.7,0.7,1.03,drox,0.7,69.6,77.3,0.72,1.07,dpr,0.63,74.5,72.8,0.7,1.11,swerzien,0.7,71.6,85.4,0.77,1.11,zune,0.67,71.3,74.3,0.67,1.05
